sector,year,month,quarter,year_month,avg_close,avg_daily_return,avg_volatility,avg_rsi,max_drawdown,total_volume,ticker_count,avg_ma50,avg_ma200
Consumer,2020,1,1,2020-01,64.8346,0.0568,0.8698,35.9945,-4.1178,2077688500,2,65.0455,65.0455
Consumer,2020,2,1,2020-02,69.2954,-0.3168,1.3614,59.9145,-13.2,2247444300,2,66.3337,66.3337
Consumer,2020,3,1,2020-03,64.2941,0.3115,3.2235,44.3052,-22.7447,4233046400,2,66.4482,66.3839
Consumer,2020,4,2,2020-04,74.9922,0.7598,3.8156,69.604,-12.1476,3113675400,2,67.601,66.9095
Consumer,2020,5,2,2020-05,78.9334,0.0431,2.2773,49.9532,-7.5974,2212057100,2,71.7383,69.3735
Consumer,2020,6,2,2020-06,83.8851,0.2054,1.3499,51.4475,-10.6341,2313922600,2,78.4714,71.5523
Consumer,2020,7,3,2020-07,96.1972,0.5166,1.8735,66.2564,-9.7612,3142396300,2,85.0743,74.6186
Consumer,2020,8,3,2020-08,101.6713,0.3968,1.9299,57.2369,-4.4754,2360357200,2,93.054,77.875
Consumer,2020,9,3,2020-09,100.4851,-0.1731,2.0612,48.2021,-16.3259,3123957600,2,99.7138,80.7957
Consumer,2020,10,4,2020-10,102.8013,-0.0829,2.0117,57.6052,-14.0254,2711507000,2,101.5859,83.2395
Consumer,2020,11,4,2020-11,101.4322,0.3643,1.8711,52.8188,-14.9222,2230010500,2,101.4252,86.8538
Consumer,2020,12,4,2020-12,102.6513,-0.0561,1.4248,46.2659,-12.1752,2062229500,2,102.0614,90.4214
Consumer,2021,1,1,2021-01,102.6087,-0.0985,1.1083,50.88,-12.097,1881066700,2,102.1368,94.2866
Consumer,2021,2,1,2021-02,103.3821,-0.2856,1.4747,45.6589,-14.6574,1997139400,2,103.0316,97.0674
Consumer,2021,3,1,2021-03,97.2354,0.1162,1.6556,44.26,-16.4097,2303404300,2,101.627,99.1374
Consumer,2021,4,2,2021-04,105.5255,0.3477,1.2593,68.0938,-10.5412,1996157700,2,100.6736,100.9519
Consumer,2021,5,2,2021-05,103.1565,-0.1274,1.1655,46.9822,-10.7466,2028011400,2,102.1018,101.933
Consumer,2021,6,2,2021-06,105.9327,0.1375,1.0786,54.4455,-10.4879,1847541000,2,104.293,102.2423
Consumer,2021,7,3,2021-07,112.4729,-0.0407,1.1226,62.0271,-10.8222,2070235300,2,106.5433,103.196
Consumer,2021,8,3,2021-08,105.9946,0.1954,1.2574,51.0305,-14.5698,1801163400,2,108.8405,103.8993
Consumer,2021,9,3,2021-09,108.3477,-0.2715,1.0118,44.2262,-11.9625,1704319600,2,108.8321,104.5693
Consumer,2021,10,4,2021-10,105.74,0.2361,1.0332,49.9336,-14.5154,1687464800,2,106.7498,104.9312
Consumer,2021,11,4,2021-11,110.9416,-0.0406,1.2532,54.0988,-11.2199,2050248600,2,107.5214,105.5255
Consumer,2021,12,4,2021-12,107.5599,-0.0316,1.4685,44.4332,-10.6413,2003881600,2,108.5975,106.353
Consumer,2022,1,1,2022-01,100.0829,-0.3394,1.4203,40.2605,-25.5657,2021870100,2,107.8228,107.0475
Consumer,2022,2,1,2022-02,98.4823,0.0236,2.2464,45.2747,-25.5801,2177368300,2,102.8816,106.3771
Consumer,2022,3,1,2022-03,99.7406,0.3691,2.3144,58.8513,-27.0975,2186133500,2,98.7528,105.7546
Consumer,2022,4,2,2022-04,100.2499,-0.5619,1.8612,54.5402,-33.3863,1892221500,2,99.7565,105.3145
Consumer,2022,5,2,2022-05,78.1358,-0.4238,2.8754,28.8293,-44.2034,3074915800,2,96.0069,102.946
Consumer,2022,6,2,2022-06,75.8515,-0.3967,3.272,44.7912,-45.1628,2280362900,2,85.8255,99.7679
Consumer,2022,7,3,2022-07,78.7727,0.8477,2.2872,64.8592,-41.2769,1810789400,2,77.1008,96.4962
Consumer,2022,8,3,2022-08,89.8465,-0.0997,2.6059,59.3741,-31.4026,1794130700,2,80.2885,94.3426
Consumer,2022,9,3,2022-09,82.9203,-0.3061,2.0826,40.3207,-38.8538,1627014500,2,85.2881,91.7733
Consumer,2022,10,4,2022-10,78.7337,0.0187,2.029,49.7112,-44.568,1809996500,2,84.3862,88.8431
Consumer,2022,11,4,2022-11,70.3105,0.0637,2.5587,53.8631,-53.3882,2490115300,2,78.0855,85.9762
Consumer,2022,12,4,2022-12,67.3436,-0.48,2.3087,39.1329,-51.9848,1931318600,2,72.9038,83.0721
Consumer,2023,1,1,2023-01,70.0591,0.5679,1.7213,55.706,-50.9081,1847853200,2,69.0265,79.715
Consumer,2023,2,1,2023-02,72.5653,-0.244,2.006,49.9229,-44.7775,1732655300,2,69.6947,77.0739
Consumer,2023,3,1,2023-03,70.8306,0.2986,1.6486,49.0048,-46.4135,1873889000,2,70.8874,76.0124
Consumer,2023,4,2,2023-04,75.8095,0.1322,1.3546,64.5963,-39.1671,1526129300,2,72.1868,75.7984
Consumer,2023,5,2,2023-05,80.1737,0.2605,1.4195,57.3136,-29.5137,1839492600,2,74.6961,75.6414
Consumer,2023,6,2,2023-06,87.9767,0.357,1.3192,65.2164,-16.2661,1633268400,2,80.2336,75.1829
Consumer,2023,7,3,2023-07,90.7132,0.1132,1.2734,56.2298,-12.1909,1331059000,2,85.8205,75.761
Consumer,2023,8,3,2023-08,93.4941,0.1278,1.4525,54.7946,-11.4449,1602363200,2,90.3637,77.3207
Consumer,2023,9,3,2023-09,94.096,-0.2357,1.348,55.8042,-13.0273,1451735000,2,92.979,79.7518
Consumer,2023,10,4,2023-10,90.0868,0.1719,1.4222,45.2598,-17.4525,1568670500,2,92.8755,82.1825
Consumer,2023,11,4,2023-11,97.8276,0.121,1.7931,59.6974,-8.8998,1562521700,2,92.8743,84.7698
Consumer,2023,12,4,2023-12,99.9851,0.1441,1.6095,52.2965,-10.8138,1475245300,2,95.228,87.514
Consumer,2024,1,1,2024-01,103.0496,0.1688,1.0584,62.9021,-7.3554,1339337100,2,99.3857,90.6181
Consumer,2024,2,1,2024-02,113.489,0.4964,1.3826,69.1747,-4.2247,1568192900,2,103.994,94.013
Consumer,2024,3,1,2024-03,117.994,0.1296,1.3611,62.4205,-3.5125,1041350400,2,110.392,97.5795
Consumer,2024,4,2,2024-04,119.8367,-0.0916,1.0078,49.7377,-8.1354,1221868500,2,116.6775,100.9686
Consumer,2024,5,2,2024-05,122.7199,0.2697,1.3761,57.0861,-6.8918,1293842800,2,119.9089,104.2834
Consumer,2024,6,2,2024-06,126.0403,0.3251,1.3549,61.7479,-5.8892,1099058800,2,122.0079,107.3997
Consumer,2024,7,3,2024-07,129.3884,-0.0362,1.248,53.1634,-10.075,1156114300,2,125.7793,111.0395
Consumer,2024,8,3,2024-08,121.6074,0.1932,1.7959,53.1898,-19.49,1366322300,2,126.1064,114.628
Consumer,2024,9,3,2024-09,131.3523,0.2291,1.7512,69.409,-14.305,1123104600,2,125.664,117.7718
Consumer,2024,10,4,2024-10,133.3678,0.0403,1.2976,53.1874,-9.6,1008830300,2,128.5896,121.347
Consumer,2024,11,4,2024-11,144.7241,0.5931,1.4628,65.6452,-7.9309,1246077600,2,135.0898,125.0858
Consumer,2024,12,4,2024-12,158.0753,0.0883,1.5609,64.861,-5.8129,1143019400,2,143.4548,129.0886
Consumer,2025,1,1,2025-01,160.0974,0.415,1.4133,54.6263,-6.5127,954408600,2,152.8315,133.1725
Consumer,2025,2,1,2025-02,162.4519,-0.2653,1.4565,55.8697,-13.7652,1177130200,2,160.0624,137.4671
Consumer,2025,3,1,2025-03,142.8077,-0.5095,1.9629,31.9162,-21.3997,1496546200,2,157.5267,140.3245
Consumer,2025,4,2,2025-04,135.8903,0.231,2.9109,51.8819,-30.8766,1822976000,2,147.946,141.5993
Consumer,2025,5,2,2025-05,148.3631,0.3079,2.6976,62.7071,-23.5685,1330407600,2,140.86,143.0333
Consumer,2025,6,2,2025-06,154.5655,0.1532,1.4041,53.1675,-15.0169,1213908900,2,145.169,146.0978
Consumer,2025,7,3,2025-07,161.0646,0.1568,1.1535,58.122,-9.6734,1145983600,2,153.4957,149.0484
Consumer,2025,8,3,2025-08,161.9245,-0.051,1.6138,55.8914,-12.563,1275537200,2,158.8295,152.0514
Consumer,2025,9,3,2025-09,164.8721,0.0541,1.6505,54.6319,-9.8777,1292090400,2,162.5293,154.2983
Consumer,2025,10,4,2025-10,162.8875,0.2131,1.4067,49.4811,-11.9888,1545686300,2,163.3698,155.0791
Consumer,2025,11,4,2025-11,169.721,0.1305,2.0146,48.4408,-14.5118,1293688700,2,165.2021,155.8824
Consumer,2025,12,4,2025-12,171.2246,0.0051,1.8517,55.5077,-12.8858,1230873900,2,167.53,156.7891
Consumer,2026,1,1,2026-01,177.7796,0.2691,1.3387,59.9987,-10.8268,1751144000,2,171.5142,160.0632
Consumer,2026,2,1,2026-02,169.5626,-0.1309,1.7931,46.3566,-21.7362,1803387500,2,173.8068,163.7803
Consumer,2026,3,1,2026-03,166.7657,-0.0664,1.8814,47.9714,-21.5197,1469139500,2,172.1423,165.8127
Consumer,2026,4,2,2026-04,184.9651,0.7339,1.7764,67.4829,-17.4134,1378280500,2,170.5274,167.7962
Consumer,2026,5,2,2026-05,199.0155,-0.2521,1.6503,60.3488,-10.38,930562700,2,179.9594,171.0475
Energy,2020,1,1,2020-01,68.5351,-0.6353,0.7759,18.1881,-12.3836,513522000,2,70.3474,70.3474
Energy,2020,2,1,2020-02,62.4258,-0.7649,1.4318,32.6905,-28.7232,638333100,2,67.0779,67.0779
Energy,2020,3,1,2020-03,44.2797,-0.91,4.7215,28.4516,-55.0049,1647262400,2,61.0632,61.8839
Energy,2020,4,2,2020-04,47.8578,1.1387,7.1744,62.5248,-46.3063,1094429400,2,50.9238,56.3676
Energy,2020,5,2,2020-05,52.0789,0.0676,4.0474,55.3462,-38.8482,684062100,2,46.9358,55.0725
Energy,2020,6,2,2020-06,54.2722,-0.045,3.2322,51.7541,-36.3834,791196100,2,51.2368,54.8745
Energy,2020,7,3,2020-07,50.621,-0.2474,2.84,45.5586,-39.6795,628613600,2,52.715,54.3736
Energy,2020,8,3,2020-08,50.3792,-0.0312,2.2258,47.3105,-40.8988,622695200,2,51.6464,53.8717
Energy,2020,9,3,2020-09,44.6263,-0.7075,1.6696,25.1519,-49.0189,847230500,2,49.4879,53.1648
Energy,2020,10,4,2020-10,41.3795,-0.1725,1.9517,42.0293,-53.0492,881594200,2,45.9295,51.733
Energy,2020,11,4,2020-11,47.3777,1.1403,3.0756,64.6822,-51.2497,945587600,2,43.2442,49.336
Energy,2020,12,4,2020-12,51.9263,0.1221,3.431,52.41,-41.3615,828583600,2,46.2805,48.3202
Energy,2021,1,1,2021-01,54.7827,0.2718,2.1262,63.0608,-36.7655,792331200,2,50.92,49.2126
Energy,2021,2,1,2021-02,58.4646,1.032,2.1101,63.1561,-22.6727,747293500,2,53.9082,50.0032
Energy,2021,3,1,2021-03,66.672,0.1778,2.027,60.9498,-10.8924,1094962300,2,58.9189,51.24
Energy,2021,4,2,2021-04,64.6895,0.0311,1.6836,45.1705,-10.8117,633021400,2,63.75,52.5476
Energy,2021,5,2,2021-05,67.8541,0.1478,1.6553,57.674,-6.5338,730736600,2,66.0658,54.1595
Energy,2021,6,2,2021-06,69.6209,0.2121,1.7398,57.3032,-6.5911,750521000,2,67.1159,56.0936
Energy,2021,7,3,2021-07,65.9666,-0.2714,1.6979,36.2657,-14.3984,641597100,2,68.2664,58.5524
Energy,2021,8,3,2021-08,64.289,-0.1632,1.5969,46.1164,-17.216,619793900,2,66.913,61.0461
Energy,2021,9,3,2021-09,64.115,0.3074,1.5754,52.8693,-15.7874,733396900,2,64.5614,62.8431
Energy,2021,10,4,2021-10,71.6623,0.5162,1.6022,72.2119,-5.0332,647026400,2,65.54,64.501
Energy,2021,11,4,2021-11,74.7055,-0.1398,1.3189,56.2764,-8.6133,641360800,2,69.7121,66.541
Energy,2021,12,4,2021-12,74.8178,0.1465,1.5289,49.048,-9.6518,654215600,2,73.6909,68.098
Energy,2022,1,1,2022-01,83.7836,0.838,1.4622,79.9818,-3.5163,909099400,2,76.3228,69.4018
Energy,2022,2,1,2022-02,91.1556,0.4001,1.7075,61.6534,-6.9786,911521600,2,81.6611,71.6703
Energy,2022,3,1,2022-03,104.4823,0.4117,2.1834,62.5598,-12.3604,1380970900,2,91.2061,74.8804
Energy,2022,4,2,2022-04,106.6303,0.0013,2.1503,56.2888,-10.1501,705850400,2,100.5085,78.8477
Energy,2022,5,2,2022-05,111.0508,0.6137,2.2667,58.1745,-8.4191,894903400,2,106.2105,83.116
Energy,2022,6,2,2022-06,110.0308,-0.6754,2.4098,48.51,-21.3659,912005100,2,110.126,88.3143
Energy,2022,7,3,2022-07,99.6625,0.6449,2.6278,46.8697,-24.9489,602340400,2,107.9772,92.149
Energy,2022,8,3,2022-08,108.9546,-0.0495,2.2916,62.6641,-16.6364,610043600,2,104.8083,95.783
Energy,2022,9,3,2022-09,106.6749,-0.4201,1.9646,42.84,-21.4703,635451800,2,106.1412,99.6295
Energy,2022,10,4,2022-10,116.4117,1.1427,2.4414,66.5269,-15.4703,609292300,2,109.2098,103.1874
Energy,2022,11,4,2022-11,128.6141,0.0954,1.9304,65.0119,-4.4737,529714900,2,115.411,107.4693
Energy,2022,12,4,2022-12,123.0257,-0.0603,1.668,41.1626,-9.971,536120300,2,122.9424,110.9326
Energy,2023,1,1,2023-01,126.6818,0.0666,1.6218,58.0158,-7.7524,511649800,2,125.6022,113.0752
Energy,2023,2,1,2023-02,123.2038,-0.295,1.8212,43.8166,-13.8572,476287300,2,124.8761,114.9232
Energy,2023,3,1,2023-03,117.6398,0.0418,1.6691,38.6765,-18.1603,618488500,2,123.4261,115.9046
Energy,2023,4,2,2023-04,126.036,0.298,1.7845,68.2653,-10.8327,424260100,2,121.265,117.0758
Energy,2023,5,2,2023-05,116.6032,-0.5335,1.593,34.8027,-18.292,496732800,2,120.6373,119.2255
Energy,2023,6,2,2023-06,116.4054,0.2268,1.465,50.4455,-17.896,503191300,2,119.5695,120.1055
Energy,2023,7,3,2023-07,116.6017,0.1091,1.3199,51.188,-17.066,487718100,2,116.4548,120.8828
Energy,2023,8,3,2023-08,120.2654,0.0892,1.3395,57.6772,-13.9467,481177800,2,117.2289,121.368
Energy,2023,9,3,2023-09,127.3411,0.2619,1.1985,66.7238,-10.3101,473800400,2,120.4688,120.994
Energy,2023,10,4,2023-10,121.6896,-0.55,1.5306,40.4084,-20.9407,719397600,2,123.8484,121.178
Energy,2023,11,4,2023-11,112.4824,-0.0524,1.7591,39.3955,-22.2607,662487600,2,121.5248,120.111
Energy,2023,12,4,2023-12,112.665,0.0336,1.2261,50.6705,-21.1801,676777800,2,115.7105,118.9352
Energy,2024,1,1,2024-01,112.1048,0.0475,1.2101,45.5619,-21.5122,610047100,2,112.5931,118.3838
Energy,2024,2,1,2024-02,116.7703,0.175,1.2915,63.3425,-14.7433,524845500,2,113.2475,117.3835
Energy,2024,3,1,2024-03,121.1474,0.3629,1.1503,66.096,-11.5698,529158300,2,115.5463,117.4953
Energy,2024,4,2,2024-04,128.8881,0.0948,0.8328,66.5093,-6.6643,551941900,2,121.2075,118.5068
Energy,2024,5,2,2024-05,127.971,0.0423,1.0242,47.4782,-6.4311,566094800,2,126.3232,119.8245
Energy,2024,6,2,2024-06,124.0986,-0.1379,1.2191,42.1829,-10.6054,495974900,2,127.4647,120.3866
Energy,2024,7,3,2024-07,125.9984,0.1325,1.2001,56.658,-8.477,409041500,2,125.9645,120.2832
Energy,2024,8,3,2024-08,122.4889,-0.1434,1.4077,47.3039,-14.0891,452391000,2,124.5511,120.4945
Energy,2024,9,3,2024-09,120.1249,-0.0157,1.3583,45.9403,-15.8909,490772600,2,123.1708,121.3308
Energy,2024,10,4,2024-10,126.7633,0.0203,1.3419,56.3076,-9.2817,444122300,2,122.8913,122.6039
Energy,2024,11,4,2024-11,130.8731,0.2896,1.1855,61.615,-8.3114,444881100,2,125.4238,124.268
Energy,2024,12,4,2024-12,123.0365,-0.4776,1.1607,24.639,-15.1496,553538700,2,127.9926,125.4917
Energy,2025,1,1,2025-01,124.3109,0.0663,1.1749,61.3715,-14.3212,468606400,2,126.0062,125.461
Energy,2025,2,1,2025-02,125.8497,0.3299,1.3633,52.5,-13.8789,399578400,2,123.925,125.145
Energy,2025,3,1,2025-03,129.8122,0.295,1.4811,58.9538,-14.4474,584372200,2,125.3619,125.0336
Energy,2025,4,2,2025-04,118.4435,-0.722,2.4825,39.5652,-20.6397,639729100,2,126.3507,125.1886
Energy,2025,5,2,2025-05,116.6366,-0.0081,2.2842,52.8764,-19.5893,505839700,2,122.4781,124.2605
Energy,2025,6,2,2025-06,121.3894,0.2566,1.226,60.7552,-17.769,604476800,2,118.1348,123.7825
Energy,2025,7,3,2025-07,126.9683,0.2193,1.3969,55.1468,-12.5612,585111700,2,120.8741,124.1791
Energy,2025,8,3,2025-08,127.8343,0.2453,1.208,54.9248,-13.3401,495846400,2,125.0274,124.2648
Energy,2025,9,3,2025-09,131.7956,-0.1037,1.1061,57.4029,-9.7237,515243000,2,128.2683,124.3807
Energy,2025,10,4,2025-10,130.126,0.0699,1.1603,47.4591,-9.5654,441577600,2,130.1691,125.0
Energy,2025,11,4,2025-11,131.88,-0.0185,1.1152,54.5432,-8.7826,441082100,2,131.1276,125.8289
Energy,2025,12,4,2025-12,131.9133,0.1104,1.1399,49.7332,-9.8757,525226800,2,131.2734,126.4648
Energy,2026,1,1,2026-01,145.0296,0.7943,1.5842,71.5792,-5.4802,668884900,2,134.0608,127.3195
Energy,2026,2,1,2026-02,163.6806,0.3992,1.6361,72.4016,-5.397,620124300,2,143.2037,130.8332
Energy,2026,3,1,2026-03,176.5748,0.4849,1.4711,68.7593,-4.1416,883920600,2,158.2191,136.2107
Energy,2026,4,2,2026-04,170.1934,-0.367,1.8075,38.6376,-14.5973,658535200,2,170.9783,142.121
Energy,2026,5,2,2026-05,170.2828,0.0498,1.8756,53.7488,-15.6879,439511700,2,172.7534,146.0303
Financials,2020,1,1,2020-01,117.7168,-0.2006,1.0845,41.1257,-7.8844,1313916300,3,117.4129,117.4129
Financials,2020,2,1,2020-02,113.6631,-0.7428,1.3242,42.9672,-20.0337,1375418000,3,117.294,117.294
Financials,2020,3,1,2020-03,82.3922,-0.8808,4.9819,30.7038,-48.9468,3694637900,3,108.9744,109.7924
Financials,2020,4,2,2020-04,82.9447,0.67,7.0522,56.1049,-44.1747,2253653600,3,92.5446,100.5908
Financials,2020,5,2,2020-05,85.5887,0.2175,3.8355,49.828,-41.0686,2014185600,3,82.5222,97.0547
Financials,2020,6,2,2020-06,95.7177,0.0067,3.5702,55.3156,-34.1745,2415268800,3,87.4109,96.2106
Financials,2020,7,3,2020-07,94.4234,0.1498,3.1323,51.7858,-35.255,1905528300,3,92.2003,95.8659
Financials,2020,8,3,2020-08,96.0593,0.186,1.8706,54.8929,-30.4632,1521391500,3,94.857,95.7903
Financials,2020,9,3,2020-09,93.8934,-0.1708,1.6407,43.3235,-33.401,1760692100,3,95.3027,95.7832
Financials,2020,10,4,2020-10,95.5092,-0.0608,1.7993,53.6564,-32.7998,1694192900,3,95.1138,95.3097
Financials,2020,11,4,2020-11,104.5856,0.9804,2.6222,65.1887,-32.1985,1681370300,3,96.015,93.5197
Financials,2020,12,4,2020-12,116.5233,0.4586,2.463,62.4262,-18.6958,1358968300,3,103.455,93.7083
Financials,2021,1,1,2021-01,133.0826,0.0649,1.8346,69.0979,-12.8145,1477911700,3,115.7284,98.1921
Financials,2021,2,1,2021-02,141.6289,0.8146,1.8253,66.1093,-11.9029,1235556100,3,127.1149,103.2039
Financials,2021,3,1,2021-03,154.9336,0.2656,1.6281,61.9939,-6.6168,1847928700,3,140.877,109.9033
Financials,2021,4,2,2021-04,155.925,0.2098,1.4844,52.1803,-7.2446,1382672100,3,150.817,116.5405
Financials,2021,5,2,2021-05,167.0819,0.3062,1.3734,64.6708,-4.4461,1127001600,3,157.678,123.4292
Financials,2021,6,2,2021-06,169.375,-0.0772,1.2768,45.7821,-11.1271,1402763100,3,164.0102,131.2124
Financials,2021,7,3,2021-07,166.9596,-0.1503,1.5919,47.8044,-14.6522,1394804200,3,168.0583,139.0229
Financials,2021,8,3,2021-08,177.9989,0.3721,1.5063,64.9559,-12.2718,1253363800,3,169.4368,147.2244
Financials,2021,9,3,2021-09,177.7903,-0.0592,1.2639,46.9994,-10.013,1308099300,3,174.4471,155.3622
Financials,2021,10,4,2021-10,182.6961,0.4085,1.5754,64.4563,-10.4177,1201362400,3,178.5349,161.8037
Financials,2021,11,4,2021-11,182.9815,-0.3402,1.3612,44.7854,-10.1121,1149922400,3,181.324,167.3879
Financials,2021,12,4,2021-12,176.3374,0.028,1.515,43.8626,-11.8624,1366966300,3,181.713,171.1356
Financials,2022,1,1,2022-01,172.0211,-0.1385,1.8121,49.7878,-19.1153,1685199100,3,178.6173,173.425
Financials,2022,2,1,2022-02,166.5142,-0.2095,1.8621,50.7314,-19.3145,1285725600,3,173.0375,174.4653
Financials,2022,3,1,2022-03,154.1366,-0.1656,2.0884,43.0609,-24.8637,1771761400,3,164.8509,173.4664
Financials,2022,4,2,2022-04,147.6826,-0.5618,1.9206,33.741,-29.5811,1396404700,3,156.7487,171.7033
Financials,2022,5,2,2022-05,142.051,0.368,1.9869,44.5759,-31.0945,1472278500,3,149.0516,169.2487
Financials,2022,6,2,2022-06,137.11,-0.6595,2.1367,39.6306,-36.2852,1320298500,3,143.737,165.4813
Financials,2022,7,3,2022-07,137.6456,0.4045,2.0259,53.8615,-38.3319,1107468800,3,138.5855,161.0237
Financials,2022,8,3,2022-08,149.7248,-0.0102,1.8009,61.5059,-33.1246,1119242200,3,140.0638,157.1023
Financials,2022,9,3,2022-09,142.2677,-0.4787,1.5629,38.0405,-37.8028,1149688400,3,145.2557,153.2286
Financials,2022,10,4,2022-10,141.5157,0.8784,2.2266,55.1503,-38.7716,1349191900,3,144.0673,149.1227
Financials,2022,11,4,2022-11,166.4252,0.4274,2.0325,76.904,-26.0587,981697100,3,146.4252,147.3156
Financials,2022,12,4,2022-12,159.9754,-0.4265,1.4715,35.0617,-34.3092,1137587200,3,156.7683,147.5332
Financials,2023,1,1,2023-01,162.0047,0.3158,1.3798,62.7508,-31.1386,1091848600,3,162.7102,148.0763
Financials,2023,2,1,2023-02,167.6722,-0.0811,1.3304,55.9361,-25.8285,829965600,3,162.5782,149.724
Financials,2023,3,1,2023-03,151.2799,-0.4574,1.7165,31.0968,-36.7898,2591142100,3,162.1081,151.5603
Financials,2023,4,2,2023-04,154.203,0.2563,2.1214,65.7153,-29.7649,1312996800,3,156.864,152.8661
Financials,2023,5,2,2023-05,152.2151,-0.1738,1.587,44.79,-28.8626,1323186000,3,152.3365,154.5471
Financials,2023,6,2,2023-06,154.8836,0.1753,1.39,55.966,-26.2759,1229721400,3,153.6687,155.0392
Financials,2023,7,3,2023-07,162.1153,0.5051,1.3387,66.8098,-24.8678,1253587700,3,154.7152,156.3178
Financials,2023,8,3,2023-08,161.481,-0.359,1.3178,36.9549,-24.4427,1018370300,3,159.8372,158.8991
Financials,2023,9,3,2023-09,158.623,-0.1076,1.0643,48.6448,-27.2152,983922600,3,161.4672,158.4078
Financials,2023,10,4,2023-10,149.698,-0.1955,1.1782,36.2248,-32.573,1518512800,3,157.5433,157.6406
Financials,2023,11,4,2023-11,160.373,0.6392,1.58,69.6014,-29.2779,1094578700,3,154.5562,156.7
Financials,2023,12,4,2023-12,178.334,0.523,1.3766,78.5948,-14.3851,1092694000,3,159.3623,157.0165
Financials,2024,1,1,2024-01,186.0681,0.0637,1.2375,54.2924,-11.02,1218451600,3,173.1048,160.3876
Financials,2024,2,1,2024-02,190.1343,0.1842,1.0739,60.4813,-7.4865,947439700,3,183.8508,163.9122
Financials,2024,3,1,2024-03,198.9691,0.4048,1.0718,70.029,-2.2407,1038978400,3,189.8587,168.0515
Financials,2024,4,2,2024-04,204.2359,-0.0492,1.3364,50.7883,-9.5704,1183892100,3,196.7718,173.0679
Financials,2024,5,2,2024-05,220.6547,0.3202,1.4273,70.1414,-4.4973,965329700,3,206.0105,178.6588
Financials,2024,6,2,2024-06,221.4669,-0.012,1.2102,48.5691,-6.4749,910627000,3,214.9333,184.8381
Financials,2024,7,3,2024-07,236.5515,0.2958,1.3152,66.1261,-8.6562,1117999500,3,224.0515,192.0677
Financials,2024,8,3,2024-08,239.2638,0.1259,1.7333,52.9023,-16.9499,1110895800,3,231.4008,201.4902
Financials,2024,9,3,2024-09,238.3544,-0.1775,1.569,48.0887,-11.8469,1040408300,3,238.2555,210.0703
Financials,2024,10,4,2024-10,249.789,0.2334,1.4453,65.5465,-10.5468,943056500,3,241.3607,217.1741
Financials,2024,11,4,2024-11,281.202,0.715,2.2358,66.6587,-5.7343,1014337500,3,251.8108,225.5937
Financials,2024,12,4,2024-12,281.9155,-0.2608,1.896,41.9471,-9.1352,872406900,3,270.4622,235.3368
Financials,2025,1,1,2025-01,295.5953,0.4732,1.3379,65.9195,-7.5252,1002483800,3,282.8983,244.0302
Financials,2025,2,1,2025-02,310.8882,-0.055,1.3106,55.5026,-9.5494,854449700,3,293.627,254.1523
Financials,2025,3,1,2025-03,274.8227,-0.4521,1.8707,36.1824,-21.5382,1264970000,3,296.7989,261.2563
Financials,2025,4,2,2025-04,257.1596,0.0075,3.1179,47.1563,-30.8957,1721309500,3,282.9668,265.5614
Financials,2025,5,2,2025-05,291.7006,0.4466,2.6126,77.6435,-17.8679,1036432000,3,270.6641,269.8527
Financials,2025,6,2,2025-06,312.5787,0.5628,1.2433,64.5252,-10.0421,992758600,3,282.7048,276.2422
Financials,2025,7,3,2025-07,345.4321,0.0785,1.1739,64.4489,-5.9268,1153003000,3,312.0582,286.0629
Financials,2025,8,3,2025-08,352.2859,0.2041,1.2551,54.6552,-8.1954,911970200,3,335.7917,296.8556
Financials,2025,9,3,2025-09,375.0197,0.2183,1.2157,68.7865,-3.5909,974050500,3,353.6278,306.0794
Financials,2025,10,4,2025-10,373.1447,0.037,1.2232,45.1172,-7.6545,1001371600,3,367.2788,316.3607
Financials,2025,11,4,2025-11,381.2905,0.1076,1.4817,55.7767,-7.7798,899979700,3,376.3007,325.1454
Financials,2025,12,4,2025-12,413.2437,0.1995,1.4166,64.9217,-6.2108,1056280000,3,384.3815,334.3358
Financials,2026,1,1,2026-01,433.9573,-0.0158,1.4988,47.9697,-11.0248,1085715600,3,406.6757,350.3778
Financials,2026,2,1,2026-02,424.7864,-0.2698,1.7662,49.4223,-12.9607,1096872900,3,424.4332,366.8746
Financials,2026,3,1,2026-03,386.802,-0.0595,1.8889,35.0621,-19.4222,1270538500,3,419.1764,378.5336
Financials,2026,4,2,2026-04,422.5463,0.4036,1.6516,69.9792,-13.4523,902916800,3,406.2656,388.0406
Financials,2026,5,2,2026-05,434.1175,0.0591,1.5094,46.4779,-12.574,707977600,3,409.5419,396.0848
Healthcare,2020,1,1,2020-01,75.4843,-0.0435,0.7981,52.2181,-8.0111,682298864,2,74.8757,74.8757
Healthcare,2020,2,1,2020-02,75.169,-0.526,1.0493,39.3084,-17.0685,734174579,2,75.755,75.755
Healthcare,2020,3,1,2020-03,66.6346,0.0143,3.1126,39.6409,-29.3023,1375544339,2,73.7532,73.8814
Healthcare,2020,4,2,2020-04,74.1677,0.7284,4.2608,67.4902,-21.2126,767764239,2,70.6757,72.2321
Healthcare,2020,5,2,2020-05,75.8425,0.0166,1.9758,49.6232,-7.37,610833791,2,71.5202,73.0808
Healthcare,2020,6,2,2020-06,73.2038,-0.4603,1.6237,35.7516,-19.7006,985069642,2,74.8143,73.4175
Healthcare,2020,7,3,2020-07,74.9979,0.4848,1.6089,68.6116,-16.1418,961953043,2,74.3209,73.3805
Healthcare,2020,8,3,2020-08,77.6119,0.097,1.1748,57.1555,-4.8364,580035141,2,74.7019,73.8036
Healthcare,2020,9,3,2020-09,76.2998,-0.1332,1.0435,40.9283,-9.7799,649047524,2,76.5543,74.229
Healthcare,2020,10,4,2020-10,75.4889,-0.2531,1.192,50.093,-10.8691,692516407,2,76.7843,74.4239
Healthcare,2020,11,4,2020-11,75.905,0.5179,1.6858,56.0018,-9.9655,1245210697,2,75.7208,74.3592
Healthcare,2020,12,4,2020-12,80.3137,0.1133,1.6963,57.6055,-13.6748,1320271900,2,76.6466,74.8052
Healthcare,2021,1,1,2021-01,83.8789,0.0645,1.3065,57.1821,-14.8496,873583200,2,79.3237,76.3245
Healthcare,2021,2,1,2021-02,83.9274,-0.2389,1.0954,39.0416,-20.4551,812925100,2,82.2847,77.3476
Healthcare,2021,3,1,2021-03,83.0529,0.2552,1.0437,56.213,-20.4076,850661700,2,83.3954,78.0778
Healthcare,2021,4,2,2021-04,85.252,0.1349,0.9269,62.0436,-14.7071,721327500,2,83.7821,79.2829
Healthcare,2021,5,2,2021-05,88.913,0.147,0.9812,63.3145,-7.2946,749163600,2,85.2882,80.5572
Healthcare,2021,6,2,2021-06,87.1238,-0.0315,0.8977,42.2457,-7.6543,631348700,2,87.24,81.7014
Healthcare,2021,7,3,2021-07,89.926,0.343,0.899,66.9119,-5.8554,659235200,2,88.1855,82.9326
Healthcare,2021,8,3,2021-08,95.1053,0.2069,1.1406,70.6636,-8.6275,1123255000,2,90.0559,84.7852
Healthcare,2021,9,3,2021-09,90.7754,-0.3253,1.2657,25.2774,-14.6966,676695100,2,92.6707,86.666
Healthcare,2021,10,4,2021-10,87.6245,0.0645,0.8564,42.1755,-18.0484,607882700,2,91.5757,87.5302
Healthcare,2021,11,4,2021-11,90.9114,0.45,1.5364,62.3536,-13.4471,1174508800,2,89.3436,88.1721
Healthcare,2021,12,4,2021-12,96.1133,0.4462,1.9504,62.9077,-11.3732,1232001700,2,90.7289,89.1818
Healthcare,2022,1,1,2022-01,96.4316,-0.2358,1.7755,42.48,-15.8531,943746400,2,94.475,90.6415
Healthcare,2022,2,1,2022-02,94.0877,-0.3962,1.3111,38.2495,-24.3928,789420100,2,96.1903,91.6163
Healthcare,2022,3,1,2022-03,97.3325,0.3857,1.6657,61.3915,-24.7382,898212000,2,95.4339,92.26
Healthcare,2022,4,2,2022-04,101.0645,-0.075,1.5265,51.0632,-20.823,646351100,2,96.9035,93.584
Healthcare,2022,5,2,2022-05,99.7358,0.2164,1.5089,50.6436,-20.4775,735957600,2,99.3579,94.6126
Healthcare,2022,6,2,2022-06,98.8399,-0.0387,1.4529,44.7057,-22.8309,608479800,2,99.9917,95.1321
Healthcare,2022,7,3,2022-07,99.2485,-0.1115,1.5462,50.277,-15.8321,454868200,2,99.504,95.9785
Healthcare,2022,8,3,2022-08,95.0573,-0.3885,1.1441,37.4748,-24.4048,569156600,2,98.3872,96.9611
Healthcare,2022,9,3,2022-09,92.7111,-0.0399,1.329,43.0555,-26.8617,545002800,2,95.8255,97.2514
Healthcare,2022,10,4,2022-10,92.8976,0.3081,1.3001,51.1098,-30.2211,606233500,2,93.211,96.8655
Healthcare,2022,11,4,2022-11,98.2854,0.274,1.3993,64.525,-21.4981,557826400,2,93.8083,96.7802
Healthcare,2022,12,4,2022-12,101.4914,0.0416,1.2063,60.629,-16.2051,552960600,2,97.2033,97.4348
Healthcare,2023,1,1,2023-01,97.0738,-0.5317,1.2749,28.7175,-19.3285,683293000,2,99.7992,97.7023
Healthcare,2023,2,1,2023-02,90.7538,-0.3685,1.1948,32.1697,-24.8487,568765200,2,97.7195,96.9908
Healthcare,2023,3,1,2023-03,86.5495,0.0409,0.9865,38.6846,-27.0345,689791500,2,92.13,95.745
Healthcare,2023,4,2,2023-04,91.349,0.0249,1.0777,58.9839,-28.4423,533717200,2,88.9197,94.6663
Healthcare,2023,5,2,2023-05,88.753,-0.1252,1.0502,32.7177,-31.6937,810158100,2,89.0784,93.7586
Healthcare,2023,6,2,2023-06,90.4446,0.0762,1.1488,60.921,-32.3678,709059000,2,89.726,93.0681
Healthcare,2023,7,3,2023-07,90.8787,0.0251,1.1776,46.0168,-33.4725,643071800,2,89.5803,92.8202
Healthcare,2023,8,3,2023-08,93.1654,-0.0972,1.3101,50.2874,-33.7348,1621967800,2,91.4024,92.8454
Healthcare,2023,9,3,2023-09,88.7092,-0.2483,1.1035,32.2988,-39.2442,701926800,2,91.7455,92.0985
Healthcare,2023,10,4,2023-10,84.8171,-0.2866,1.1326,35.0536,-42.993,834311400,2,89.6505,90.5941
Healthcare,2023,11,4,2023-11,82.745,0.1495,1.3241,47.0912,-44.3926,738229600,2,85.6198,89.0648
Healthcare,2023,12,4,2023-12,85.0025,-0.0919,1.4236,50.675,-49.8613,1325102200,2,83.8968,88.4205
Healthcare,2024,1,1,2024-01,87.2594,-0.0724,1.4191,55.2895,-40.2791,1111139800,2,84.7107,88.3293
Healthcare,2024,2,1,2024-02,86.135,0.015,0.9899,45.9192,-36.5932,920661800,2,86.0068,87.8872
Healthcare,2024,3,1,2024-03,86.5279,0.0676,1.1545,50.6278,-34.8599,1079478900,2,86.6175,87.6695
Healthcare,2024,4,2,2024-04,81.7378,-0.3789,1.0847,27.2389,-34.7683,982612700,2,85.5648,87.078
Healthcare,2024,5,2,2024-05,83.1676,0.3545,1.5075,63.1505,-29.8101,1128551200,2,83.6257,86.0761
Healthcare,2024,6,2,2024-06,82.0466,-0.0661,1.4014,44.3239,-28.8874,765656700,2,82.3274,84.9971
Healthcare,2024,7,3,2024-07,85.3019,0.416,1.1709,65.1448,-22.0263,932398900,2,82.81,84.3641
Healthcare,2024,8,3,2024-08,89.6488,0.0174,1.3707,52.1384,-19.0238,764330300,2,85.1286,84.6843
Healthcare,2024,9,3,2024-09,91.819,-0.0584,1.0444,56.8192,-16.2402,720584500,2,88.8992,85.5592
Healthcare,2024,10,4,2024-10,90.3788,-0.0726,0.9984,45.4889,-10.6266,918380800,2,90.7078,86.1667
Healthcare,2024,11,4,2024-11,86.2291,-0.2011,1.1057,29.6798,-19.7668,1178319400,2,90.001,86.3663
Healthcare,2024,12,4,2024-12,82.6644,-0.1277,1.2792,42.5205,-18.3756,1084363300,2,87.189,86.1757
Healthcare,2025,1,1,2025-01,82.9419,0.1762,1.2865,54.6915,-15.8522,911096300,2,83.9328,85.7533
Healthcare,2025,2,1,2025-02,88.4763,0.232,1.2775,59.7924,-16.2369,959025900,2,83.7197,86.0995
Healthcare,2025,3,1,2025-03,91.7509,-0.0833,1.1354,50.7621,-17.7497,1398492100,2,87.0729,86.9255
Healthcare,2025,4,2,2025-04,85.5293,-0.2028,1.8426,37.8948,-28.9971,1452728800,2,89.1424,87.5576
Healthcare,2025,5,2,2025-05,85.3851,-0.0292,1.885,51.5543,-26.2014,1136324800,2,87.685,87.6243
Healthcare,2025,6,2,2025-06,86.6195,0.0427,1.3939,59.075,-22.5148,909556100,2,85.9295,87.2965
Healthcare,2025,7,3,2025-07,91.0376,0.1322,1.1988,62.5886,-20.5982,1071121200,2,86.9098,86.95
Healthcare,2025,8,3,2025-08,97.7126,0.3455,1.541,64.2993,-17.9829,1086182900,2,90.7464,87.3983
Healthcare,2025,9,3,2025-09,99.4418,0.1878,1.1409,47.6693,-16.3433,1281697800,2,95.7952,88.6531
Healthcare,2025,10,4,2025-10,105.8752,-0.0223,1.5202,60.9528,-12.6048,1605282200,2,100.4787,90.8337
Healthcare,2025,11,4,2025-11,109.3951,0.4268,1.2808,63.0695,-11.2167,1934589000,2,103.9195,93.3061
Healthcare,2025,12,4,2025-12,115.1142,-0.0675,1.3288,56.645,-7.4969,1214571900,2,109.1543,95.8809
Healthcare,2026,1,1,2026-01,119.8408,0.4321,1.184,61.376,-6.493,1181838800,2,113.7732,98.5828
Healthcare,2026,2,1,2026-02,133.5812,0.3761,1.2006,73.03,-3.8947,1078192600,2,120.4911,102.6039
Healthcare,2026,3,1,2026-03,133.8332,0.0057,1.2448,47.0991,-5.3468,1091688400,2,128.4048,107.6339
Healthcare,2026,4,2,2026-04,130.6327,-0.2596,1.2016,44.406,-9.3418,879450900,2,133.2979,112.586
Healthcare,2026,5,2,2026-05,126.4467,0.0214,1.1302,42.0894,-10.9591,694152800,2,131.0853,116.0209
Technology,2020,1,1,2020-01,100.4541,0.2332,1.1645,63.2757,-4.5724,4166494400,3,98.7127,98.7127
Technology,2020,2,1,2020-02,105.5908,-0.3848,1.6155,54.0726,-16.4548,4737457500,3,102.5125,102.5125
Technology,2020,3,1,2020-03,88.9084,-0.1748,4.2395,37.6538,-31.4273,9463483900,3,100.5517,100.5174
Technology,2020,4,2,2020-04,95.6604,0.7147,5.1865,63.164,-28.3414,5374228200,3,95.3324,97.2678
Technology,2020,5,2,2020-05,105.4971,0.2903,2.6066,64.2598,-13.611,4219911000,3,94.6923,98.1497
Technology,2020,6,2,2020-06,112.6192,0.3705,1.6415,63.1052,-10.6455,4822501000,3,103.2173,100.1189
Technology,2020,7,3,2020-07,121.5011,0.3376,1.831,61.7167,-6.075,4613472000,3,112.2976,103.0018
Technology,2020,8,3,2020-08,131.4385,0.6271,2.0716,63.871,-6.0774,5377049000,3,120.3862,106.0514
Technology,2020,9,3,2020-09,128.5245,-0.4115,2.443,45.0919,-20.3756,5490055400,3,127.5968,109.1363
Technology,2020,10,4,2020-10,130.7406,0.024,2.3419,56.8029,-18.8702,4381204500,3,130.1206,111.4305
Technology,2020,11,4,2020-11,134.7242,0.402,2.2421,55.6803,-18.9372,3328432300,3,130.4963,114.565
Technology,2020,12,4,2020-12,139.8532,0.2299,1.6458,57.3409,-9.0847,3525581300,3,134.1274,118.1024
Technology,2021,1,1,2021-01,143.5289,0.1596,1.5755,54.7958,-8.1348,3680000400,3,138.2023,123.4705
Technology,2021,2,1,2021-02,153.1881,0.0527,1.9398,58.0304,-15.3599,3003141800,3,144.047,128.6423
Technology,2021,3,1,2021-03,147.9591,0.0786,1.8973,45.2919,-18.5989,4132058000,3,148.4087,133.312
Technology,2021,4,2,2021-04,161.8998,0.4435,1.6763,70.6457,-13.9538,3160871100,3,152.1937,137.8633
Technology,2021,5,2,2021-05,158.3731,-0.0862,1.4321,42.7005,-13.9688,2810499800,3,156.0115,141.8987
Technology,2021,6,2,2021-06,165.1034,0.3247,1.2612,66.2103,-13.4292,2660098200,3,160.5065,145.1756
Technology,2021,7,3,2021-07,179.7128,0.3444,0.9864,72.2302,-4.4921,3052515800,3,165.7913,149.8329
Technology,2021,8,3,2021-08,188.1847,0.2666,1.0842,63.6298,-3.1498,2364437700,3,176.4224,155.5798
Technology,2021,9,3,2021-09,190.0847,-0.3382,1.0674,48.346,-9.6943,2891593800,3,186.2368,161.6751
Technology,2021,10,4,2021-10,190.9773,0.5217,1.3628,56.8441,-11.2004,2802353000,3,189.131,166.8041
Technology,2021,11,4,2021-11,206.5082,0.0985,1.3526,64.3676,-5.4912,2809292200,3,193.676,172.6286
Technology,2021,12,4,2021-12,211.4081,0.1784,1.544,54.1511,-6.7617,3690135500,3,202.225,178.7788
Technology,2022,1,1,2022-01,199.4398,-0.251,1.6965,34.7955,-15.9191,3823183400,3,207.8543,184.8667
Technology,2022,2,1,2022-02,196.6035,-0.1439,2.058,49.0295,-18.1459,3252692900,3,204.2025,188.4625
Technology,2022,3,1,2022-03,193.7245,0.1893,2.1864,51.1232,-19.4368,3644296300,3,196.5336,191.9212
Technology,2022,4,2,2022-04,189.7013,-0.6458,2.0271,41.8843,-23.845,3076291000,3,194.2922,195.082
Technology,2022,5,2,2022-05,171.8178,-0.0863,2.5346,40.2951,-29.3873,3994392300,3,188.2589,195.0854
Technology,2022,6,2,2022-06,166.5431,-0.2645,2.6184,46.9848,-29.2348,3141226100,3,177.3251,193.0554
Technology,2022,7,3,2022-07,170.7176,0.5729,2.3236,57.806,-29.9112,2771546900,3,168.9148,190.6972
Technology,2022,8,3,2022-08,183.6072,-0.2371,2.0863,59.8871,-27.7756,2503249900,3,172.3814,189.4006
Technology,2022,9,3,2022-09,164.2865,-0.5629,1.8714,28.884,-36.1646,3273588300,3,175.9557,186.037
Technology,2022,10,4,2022-10,156.7517,0.1815,2.2132,46.6719,-38.4537,3220853100,3,169.3424,180.5949
Technology,2022,11,4,2022-11,155.6306,0.2487,2.9839,53.1773,-44.3201,3056666400,3,158.4663,175.6633
Technology,2022,12,4,2022-12,155.3257,-0.5039,2.5473,41.5068,-41.8784,2870217700,3,156.576,171.8354
Technology,2023,1,1,2023-01,152.1679,0.4374,1.983,55.6772,-41.7568,2782718400,3,154.6693,167.4177
Technology,2023,2,1,2023-02,165.6738,-0.0792,2.1792,57.3567,-37.6589,2875280100,3,156.3214,164.5874
Technology,2023,3,1,2023-03,169.9587,0.5922,1.9616,58.473,-36.7986,3127835500,3,160.9043,163.757
Technology,2023,4,2,2023-04,182.9126,0.2372,1.6135,59.2135,-27.0064,2125402700,3,170.5907,164.9519
Technology,2023,5,2,2023-05,197.3985,0.3876,1.6484,67.9048,-14.3717,2696832800,3,180.91,166.8438
Technology,2023,6,2,2023-06,210.0624,0.1685,1.4202,61.279,-7.0536,2501937400,3,195.0133,169.3256
Technology,2023,7,3,2023-07,215.197,0.1836,1.3716,56.6123,-8.5304,2371202700,3,206.51,173.9737
Technology,2023,8,3,2023-08,208.517,-0.0487,1.5563,44.0155,-11.7777,2395463000,3,211.7257,180.0083
Technology,2023,9,3,2023-09,209.0579,-0.2746,1.3619,50.6188,-13.128,2232164600,3,211.4575,185.7503
Technology,2023,10,4,2023-10,209.1942,0.0358,1.4051,51.9698,-14.9324,2394514800,3,208.975,191.2589
Technology,2023,11,4,2023-11,225.666,0.4665,1.5876,67.5865,-11.3235,2198778900,3,211.7698,197.9535
Technology,2023,12,4,2023-12,230.6913,0.1043,1.2712,53.9722,-8.0256,2205258500,3,220.3327,204.6397
Technology,2024,1,1,2024-01,236.7713,0.0373,1.1591,59.5559,-8.7356,2297853000,3,229.187,210.9932
Technology,2024,2,1,2024-02,242.046,0.0258,1.3992,47.285,-11.1589,2253268500,3,235.9373,217.0152
Technology,2024,3,1,2024-03,240.6211,0.0958,1.4367,48.455,-14.585,2532312800,3,239.5872,221.3053
Technology,2024,4,2,2024-04,243.3185,0.0053,1.4789,51.6206,-16.6067,2347076300,3,242.0118,224.9386
Technology,2024,5,2,2024-05,255.3141,0.3817,1.7835,66.1905,-14.4334,2292677800,3,244.8689,228.6165
Technology,2024,6,2,2024-06,270.8425,0.3981,1.3909,65.3554,-4.2369,2519777900,3,253.1454,234.0809
Technology,2024,7,3,2024-07,280.1453,-0.0979,1.4469,53.0967,-12.6478,2119677300,3,267.9447,241.3262
Technology,2024,8,3,2024-08,262.9612,-0.0175,1.6105,46.4341,-17.2037,2125325500,3,272.8567,247.7542
Technology,2024,9,3,2024-09,265.9174,0.1178,1.3735,50.8162,-22.1376,2141538900,3,268.2682,252.0868
Technology,2024,10,4,2024-10,268.9331,-0.0731,1.2466,53.8543,-15.224,1940790600,3,265.7862,256.153
Technology,2024,11,4,2024-11,270.7765,0.1447,1.3845,51.7273,-13.7051,1863813800,3,268.6467,259.6812
Technology,2024,12,4,2024-12,289.2891,0.273,1.4712,69.3733,-10.2587,2063428700,3,274.0729,263.6681
Technology,2025,1,1,2025-01,283.6383,0.0184,1.5674,43.5965,-14.0452,2163012200,3,281.2662,268.3045
Technology,2025,2,1,2025-02,274.7553,-0.3321,1.904,44.2528,-18.3545,1924098100,3,284.0779,271.8496
Technology,2025,3,1,2025-03,256.7162,-0.3562,1.7774,36.7073,-25.1344,2339178400,3,275.1292,273.0281
Technology,2025,4,2,2025-04,242.899,0.1201,2.8775,45.9151,-33.3605,3013111000,3,260.1202,270.6748
Technology,2025,5,2,2025-05,270.3572,0.3045,2.9911,64.9522,-26.5654,2615164800,3,253.3897,268.3732
Technology,2025,6,2,2025-06,282.2471,0.2177,1.6316,58.1415,-24.2869,2349046800,3,262.7162,269.6952
Technology,2025,7,3,2025-07,299.0815,0.2584,1.145,68.1412,-19.67,2336931900,3,280.8508,272.3803
Technology,2025,8,3,2025-08,312.6991,0.2756,1.305,60.3957,-21.6785,2290538500,3,296.2702,276.4921
Technology,2025,9,3,2025-09,329.5742,0.4098,1.5865,64.2105,-12.1322,2519027400,3,311.004,281.5875
Technology,2025,10,4,2025-10,343.105,0.3083,1.4459,57.6638,-7.1255,2295165100,3,326.2129,287.24
Technology,2025,11,4,2025-11,352.5227,0.212,1.4669,56.876,-12.7412,2212337200,3,340.6768,294.0714
Technology,2025,12,4,2025-12,356.5851,-0.092,1.4788,49.8632,-12.2422,2099296000,3,350.2965,302.3838
Technology,2026,1,1,2026-01,349.5979,-0.1269,1.1855,44.4872,-20.4724,2345666300,3,354.0567,312.5902
Technology,2026,2,1,2026-02,328.6313,-0.2456,1.8126,42.8746,-28.7788,2598222200,3,348.614,321.7716
Technology,2026,3,1,2026-03,314.2612,-0.2598,1.7342,39.1064,-33.9101,2316339900,3,334.8009,327.2945
Technology,2026,4,2,2026-04,332.1105,0.7457,1.7102,65.2832,-31.576,2188723100,3,321.3965,330.9752
Technology,2026,5,2,2026-05,366.9524,0.3305,1.9596,67.2979,-24.9368,1704497900,3,330.1723,336.0719
